"module name","license","repository"
"@babel/code-frame@7.0.0","MIT","https://github.com/babel/babel/tree/master/packages/babel-code-frame"
"@babel/code-frame@7.8.3","MIT","https://github.com/babel/babel/tree/master/packages/babel-code-frame"
"@babel/core@7.9.6","MIT","https://github.com/babel/babel/tree/master/packages/babel-core"
"@babel/generator@7.5.0","MIT","https://github.com/babel/babel/tree/master/packages/babel-generator"
"@babel/generator@7.9.6","MIT","https://github.com/babel/babel/tree/master/packages/babel-generator"
"@babel/helper-annotate-as-pure@7.0.0","MIT","https://github.com/babel/babel/tree/master/packages/babel-helper-annotate-as-pure"
"@babel/helper-builder-binary-assignment-operator-visitor@7.1.0","MIT","https://github.com/babel/babel/tree/master/packages/babel-helper-builder-binary-assignment-operator-visitor"
"@babel/helper-call-delegate@7.4.4","MIT","https://github.com/babel/babel/tree/master/packages/babel-helper-call-delegate"
"@babel/helper-define-map@7.4.4","MIT","https://github.com/babel/babel/tree/master/packages/babel-helper-define-map"
"@babel/helper-explode-assignable-expression@7.1.0","MIT","https://github.com/babel/babel/tree/master/packages/babel-helper-explode-assignable-expression"
"@babel/helper-function-name@7.1.0","MIT","https://github.com/babel/babel/tree/master/packages/babel-helper-function-name"
"@babel/helper-function-name@7.9.5","MIT","https://github.com/babel/babel/tree/master/packages/babel-helper-function-name"
"@babel/helper-get-function-arity@7.0.0","MIT","https://github.com/babel/babel/tree/master/packages/babel-helper-get-function-arity"
"@babel/helper-get-function-arity@7.8.3","MIT","https://github.com/babel/babel/tree/master/packages/babel-helper-get-function-arity"
"@babel/helper-hoist-variables@7.4.4","MIT","https://github.com/babel/babel/tree/master/packages/babel-helper-hoist-variables"
"@babel/helper-member-expression-to-functions@7.0.0","MIT","https://github.com/babel/babel/tree/master/packages/babel-helper-member-expression-to-functions"
"@babel/helper-member-expression-to-functions@7.8.3","MIT","https://github.com/babel/babel/tree/master/packages/babel-helper-member-expression-to-functions"
"@babel/helper-module-imports@7.0.0","MIT","https://github.com/babel/babel/tree/master/packages/babel-helper-module-imports"
"@babel/helper-module-imports@7.8.3","MIT","https://github.com/babel/babel/tree/master/packages/babel-helper-module-imports"
"@babel/helper-module-transforms@7.4.4","MIT","https://github.com/babel/babel/tree/master/packages/babel-helper-module-transforms"
"@babel/helper-module-transforms@7.9.0","MIT","https://github.com/babel/babel/tree/master/packages/babel-helper-module-transforms"
"@babel/helper-optimise-call-expression@7.0.0","MIT","https://github.com/babel/babel/tree/master/packages/babel-helper-optimise-call-expression"
"@babel/helper-optimise-call-expression@7.8.3","MIT","https://github.com/babel/babel/tree/master/packages/babel-helper-optimise-call-expression"
"@babel/helper-plugin-utils@7.0.0","MIT","https://github.com/babel/babel/tree/master/packages/babel-helper-plugin-utils"
"@babel/helper-plugin-utils@7.16.7","MIT","https://github.com/babel/babel"
"@babel/helper-plugin-utils@7.8.3","MIT","https://github.com/babel/babel/tree/master/packages/babel-helper-plugin-utils"
"@babel/helper-regex@7.4.4","MIT","https://github.com/babel/babel/tree/master/packages/babel-helper-regex"
"@babel/helper-remap-async-to-generator@7.1.0","MIT","https://github.com/babel/babel/tree/master/packages/babel-helper-remap-async-to-generator"
"@babel/helper-replace-supers@7.4.4","MIT","https://github.com/babel/babel/tree/master/packages/babel-helper-replace-supers"
"@babel/helper-replace-supers@7.9.6","MIT","https://github.com/babel/babel/tree/master/packages/babel-helper-replace-supers"
"@babel/helper-simple-access@7.1.0","MIT","https://github.com/babel/babel/tree/master/packages/babel-helper-simple-access"
"@babel/helper-simple-access@7.8.3","MIT","https://github.com/babel/babel/tree/master/packages/babel-helper-simple-access"
"@babel/helper-split-export-declaration@7.4.4","MIT","https://github.com/babel/babel/tree/master/packages/babel-helper-split-export-declaration"
"@babel/helper-split-export-declaration@7.8.3","MIT","https://github.com/babel/babel/tree/master/packages/babel-helper-split-export-declaration"
"@babel/helper-validator-identifier@7.9.5","MIT","https://github.com/babel/babel/tree/master/packages/babel-helper-validator-identifier"
"@babel/helper-wrap-function@7.2.0","MIT","https://github.com/babel/babel/tree/master/packages/babel-helper-wrap-function"
"@babel/helpers@7.9.6","MIT","https://github.com/babel/babel/tree/master/packages/babel-helpers"
"@babel/highlight@7.5.0","MIT","https://github.com/babel/babel/tree/master/packages/babel-highlight"
"@babel/highlight@7.9.0","MIT","https://github.com/babel/babel/tree/master/packages/babel-highlight"
"@babel/parser@7.5.0","MIT","https://github.com/babel/babel/tree/master/packages/babel-parser"
"@babel/parser@7.9.6","MIT","https://github.com/babel/babel/tree/master/packages/babel-parser"
"@babel/plugin-proposal-async-generator-functions@7.2.0","MIT","https://github.com/babel/babel/tree/master/packages/babel-plugin-proposal-async-generator-functions"
"@babel/plugin-proposal-dynamic-import@7.5.0","MIT","https://github.com/babel/babel/tree/master/packages/babel-plugin-proposal-dynamic-import"
"@babel/plugin-proposal-json-strings@7.2.0","MIT","https://github.com/babel/babel/tree/master/packages/babel-plugin-proposal-json-strings"
"@babel/plugin-proposal-object-rest-spread@7.5.4","MIT","https://github.com/babel/babel/tree/master/packages/babel-plugin-proposal-object-rest-spread"
"@babel/plugin-proposal-optional-catch-binding@7.2.0","MIT","https://github.com/babel/babel/tree/master/packages/babel-plugin-proposal-optional-catch-binding"
"@babel/plugin-proposal-unicode-property-regex@7.4.4","MIT","https://github.com/babel/babel/tree/master/packages/babel-plugin-proposal-unicode-property-regex"
"@babel/plugin-syntax-async-generators@7.2.0","MIT","https://github.com/babel/babel/tree/master/packages/babel-plugin-syntax-async-generators"
"@babel/plugin-syntax-async-generators@7.8.4","MIT","https://github.com/babel/babel/tree/master/packages/babel-plugin-syntax-async-generators"
"@babel/plugin-syntax-bigint@7.8.3","MIT","https://github.com/babel/babel/tree/master/packages/babel-plugin-syntax-bigint"
"@babel/plugin-syntax-class-properties@7.8.3","MIT","https://github.com/babel/babel/tree/master/packages/babel-plugin-syntax-class-properties"
"@babel/plugin-syntax-dynamic-import@7.2.0","MIT","https://github.com/babel/babel/tree/master/packages/babel-plugin-syntax-dynamic-import"
"@babel/plugin-syntax-import-meta@7.10.4","MIT","https://github.com/babel/babel"
"@babel/plugin-syntax-json-strings@7.2.0","MIT","https://github.com/babel/babel/tree/master/packages/babel-plugin-syntax-json-strings"
"@babel/plugin-syntax-json-strings@7.8.3","MIT","https://github.com/babel/babel/tree/master/packages/babel-plugin-syntax-json-strings"
"@babel/plugin-syntax-logical-assignment-operators@7.8.3","MIT","https://github.com/babel/babel/tree/master/packages/babel-plugin-syntax-logical-assignment-operators"
"@babel/plugin-syntax-nullish-coalescing-operator@7.8.3","MIT","https://github.com/babel/babel/tree/master/packages/babel-plugin-syntax-nullish-coalescing-operator"
"@babel/plugin-syntax-numeric-separator@7.8.3","MIT","https://github.com/babel/babel/tree/master/packages/babel-plugin-syntax-numeric-separator"
"@babel/plugin-syntax-object-rest-spread@7.2.0","MIT","https://github.com/babel/babel/tree/master/packages/babel-plugin-syntax-object-rest-spread"
"@babel/plugin-syntax-object-rest-spread@7.8.3","MIT","https://github.com/babel/babel/tree/master/packages/babel-plugin-syntax-object-rest-spread"
"@babel/plugin-syntax-optional-catch-binding@7.2.0","MIT","https://github.com/babel/babel/tree/master/packages/babel-plugin-syntax-optional-catch-binding"
"@babel/plugin-syntax-optional-catch-binding@7.8.3","MIT","https://github.com/babel/babel/tree/master/packages/babel-plugin-syntax-optional-catch-binding"
"@babel/plugin-syntax-optional-chaining@7.8.3","MIT","https://github.com/babel/babel/tree/master/packages/babel-plugin-syntax-optional-chaining"
"@babel/plugin-syntax-top-level-await@7.14.5","MIT","https://github.com/babel/babel"
"@babel/plugin-transform-arrow-functions@7.2.0","MIT","https://github.com/babel/babel/tree/master/packages/babel-plugin-transform-arrow-functions"
"@babel/plugin-transform-async-to-generator@7.5.0","MIT","https://github.com/babel/babel/tree/master/packages/babel-plugin-transform-async-to-generator"
"@babel/plugin-transform-block-scoped-functions@7.2.0","MIT","https://github.com/babel/babel/tree/master/packages/babel-plugin-transform-block-scoped-functions"
"@babel/plugin-transform-block-scoping@7.4.4","MIT","https://github.com/babel/babel/tree/master/packages/babel-plugin-transform-block-scoping"
"@babel/plugin-transform-classes@7.4.4","MIT","https://github.com/babel/babel/tree/master/packages/babel-plugin-transform-classes"
"@babel/plugin-transform-computed-properties@7.2.0","MIT","https://github.com/babel/babel/tree/master/packages/babel-plugin-transform-computed-properties"
"@babel/plugin-transform-destructuring@7.5.0","MIT","https://github.com/babel/babel/tree/master/packages/babel-plugin-transform-destructuring"
"@babel/plugin-transform-dotall-regex@7.4.4","MIT","https://github.com/babel/babel/tree/master/packages/babel-plugin-transform-dotall-regex"
"@babel/plugin-transform-duplicate-keys@7.5.0","MIT","https://github.com/babel/babel/tree/master/packages/babel-plugin-transform-duplicate-keys"
"@babel/plugin-transform-exponentiation-operator@7.2.0","MIT","https://github.com/babel/babel/tree/master/packages/babel-plugin-transform-exponentiation-operator"
"@babel/plugin-transform-for-of@7.4.4","MIT","https://github.com/babel/babel/tree/master/packages/babel-plugin-transform-for-of"
"@babel/plugin-transform-function-name@7.4.4","MIT","https://github.com/babel/babel/tree/master/packages/babel-plugin-transform-function-name"
"@babel/plugin-transform-literals@7.2.0","MIT","https://github.com/babel/babel/tree/master/packages/babel-plugin-transform-literals"
"@babel/plugin-transform-member-expression-literals@7.2.0","MIT","https://github.com/babel/babel/tree/master/packages/babel-plugin-transform-member-expression-literals"
"@babel/plugin-transform-modules-amd@7.5.0","MIT","https://github.com/babel/babel/tree/master/packages/babel-plugin-transform-modules-amd"
"@babel/plugin-transform-modules-commonjs@7.5.0","MIT","https://github.com/babel/babel/tree/master/packages/babel-plugin-transform-modules-commonjs"
"@babel/plugin-transform-modules-systemjs@7.5.0","MIT","https://github.com/babel/babel/tree/master/packages/babel-plugin-transform-modules-systemjs"
"@babel/plugin-transform-modules-umd@7.2.0","MIT","https://github.com/babel/babel/tree/master/packages/babel-plugin-transform-modules-umd"
"@babel/plugin-transform-named-capturing-groups-regex@7.4.5","MIT","https://github.com/babel/babel/tree/master/packages/babel-plugin-transform-named-capturing-groups-regex"
"@babel/plugin-transform-new-target@7.4.4","MIT","https://github.com/babel/babel/tree/master/packages/babel-plugin-transform-new-target"
"@babel/plugin-transform-object-super@7.2.0","MIT","https://github.com/babel/babel/tree/master/packages/babel-plugin-transform-object-super"
"@babel/plugin-transform-parameters@7.4.4","MIT","https://github.com/babel/babel/tree/master/packages/babel-plugin-transform-parameters"
"@babel/plugin-transform-property-literals@7.2.0","MIT","https://github.com/babel/babel/tree/master/packages/babel-plugin-transform-property-literals"
"@babel/plugin-transform-regenerator@7.4.5","MIT","https://github.com/babel/babel/tree/master/packages/babel-plugin-transform-regenerator"
"@babel/plugin-transform-reserved-words@7.2.0","MIT","https://github.com/babel/babel/tree/master/packages/babel-plugin-transform-reserved-words"
"@babel/plugin-transform-shorthand-properties@7.2.0","MIT","https://github.com/babel/babel/tree/master/packages/babel-plugin-transform-shorthand-properties"
"@babel/plugin-transform-spread@7.2.2","MIT","https://github.com/babel/babel/tree/master/packages/babel-plugin-transform-spread"
"@babel/plugin-transform-sticky-regex@7.2.0","MIT","https://github.com/babel/babel/tree/master/packages/babel-plugin-transform-sticky-regex"
"@babel/plugin-transform-template-literals@7.4.4","MIT","https://github.com/babel/babel/tree/master/packages/babel-plugin-transform-template-literals"
"@babel/plugin-transform-typeof-symbol@7.2.0","MIT","https://github.com/babel/babel/tree/master/packages/babel-plugin-transform-typeof-symbol"
"@babel/plugin-transform-unicode-regex@7.4.4","MIT","https://github.com/babel/babel/tree/master/packages/babel-plugin-transform-unicode-regex"
"@babel/preset-env@7.5.4","MIT","https://github.com/babel/babel/tree/master/packages/babel-preset-env"
"@babel/template@7.4.4","MIT","https://github.com/babel/babel/tree/master/packages/babel-template"
"@babel/template@7.8.6","MIT","https://github.com/babel/babel/tree/master/packages/babel-template"
"@babel/traverse@7.5.0","MIT","https://github.com/babel/babel/tree/master/packages/babel-traverse"
"@babel/traverse@7.9.6","MIT","https://github.com/babel/babel/tree/master/packages/babel-traverse"
"@babel/types@7.5.0","MIT","https://github.com/babel/babel/tree/master/packages/babel-types"
"@babel/types@7.9.6","MIT","https://github.com/babel/babel/tree/master/packages/babel-types"
"@bcoe/v8-coverage@0.2.3","MIT","https://github.com/demurgos/v8-coverage"
"@cnakazawa/watch@1.0.4","Apache-2.0","https://github.com/mikeal/watch"
"@frontegg/client@2.0.16","ISC","https://github.com/frontegg/nodejs-sdk"
"@istanbuljs/load-nyc-config@1.1.0","ISC","https://github.com/istanbuljs/load-nyc-config"
"@istanbuljs/schema@0.1.2","MIT","https://github.com/istanbuljs/schema"
"@jest/console@26.6.2","MIT","https://github.com/facebook/jest"
"@jest/core@26.6.3","MIT","https://github.com/facebook/jest"
"@jest/environment@26.6.2","MIT","https://github.com/facebook/jest"
"@jest/fake-timers@26.6.2","MIT","https://github.com/facebook/jest"
"@jest/globals@26.6.2","MIT","https://github.com/facebook/jest"
"@jest/reporters@26.6.2","MIT","https://github.com/facebook/jest"
"@jest/source-map@26.6.2","MIT","https://github.com/facebook/jest"
"@jest/test-result@26.6.2","MIT","https://github.com/facebook/jest"
"@jest/test-sequencer@26.6.3","MIT","https://github.com/facebook/jest"
"@jest/transform@26.6.2","MIT","https://github.com/facebook/jest"
"@jest/types@25.5.0","MIT","https://github.com/facebook/jest"
"@jest/types@26.6.2","MIT","https://github.com/facebook/jest"
"@sinonjs/commons@1.8.0","BSD-3-Clause","https://github.com/sinonjs/commons"
"@sinonjs/fake-timers@6.0.1","BSD-3-Clause","https://github.com/sinonjs/fake-timers"
"@slack/logger@2.0.0","MIT","https://github.com/slackapi/node-slack-sdk"
"@slack/types@1.7.0","MIT","https://github.com/slackapi/node-slack-sdk"
"@slack/web-api@5.15.0","MIT","https://github.com/slackapi/node-slack-sdk"
"@tootallnate/once@1.1.2","MIT","https://github.com/TooTallNate/once"
"@types/axios@0.14.0","MIT","https://github.com/mzabriskie/axios"
"@types/babel__core@7.1.7","MIT","https://github.com/DefinitelyTyped/DefinitelyTyped"
"@types/babel__generator@7.6.1","MIT","https://github.com/DefinitelyTyped/DefinitelyTyped"
"@types/babel__template@7.0.2","MIT","https://github.com/DefinitelyTyped/DefinitelyTyped"
"@types/babel__traverse@7.0.11","MIT","https://github.com/DefinitelyTyped/DefinitelyTyped"
"@types/body-parser@1.19.0","MIT","https://github.com/DefinitelyTyped/DefinitelyTyped"
"@types/color-name@1.1.1","MIT","https://github.com/DefinitelyTyped/DefinitelyTyped"
"@types/connect@3.4.33","MIT","https://github.com/DefinitelyTyped/DefinitelyTyped"
"@types/express-serve-static-core@4.17.7","MIT","https://github.com/DefinitelyTyped/DefinitelyTyped"
"@types/express@4.17.6","MIT","https://github.com/DefinitelyTyped/DefinitelyTyped"
"@types/graceful-fs@4.1.3","MIT","https://github.com/DefinitelyTyped/DefinitelyTyped"
"@types/http-proxy@1.17.0","MIT","https://github.com/DefinitelyTyped/DefinitelyTyped"
"@types/is-stream@1.1.0","MIT","https://github.com/DefinitelyTyped/DefinitelyTyped"
"@types/istanbul-lib-coverage@2.0.2","MIT","https://github.com/DefinitelyTyped/DefinitelyTyped"
"@types/istanbul-lib-report@3.0.0","MIT","https://github.com/DefinitelyTyped/DefinitelyTyped"
"@types/istanbul-reports@1.1.2","MIT","https://github.com/DefinitelyTyped/DefinitelyTyped"
"@types/istanbul-reports@3.0.1","MIT","https://github.com/DefinitelyTyped/DefinitelyTyped"
"@types/jest@25.2.3","MIT","https://github.com/DefinitelyTyped/DefinitelyTyped"
"@types/jsonwebtoken@8.5.0","MIT","https://github.com/DefinitelyTyped/DefinitelyTyped"
"@types/mime@2.0.2","MIT","https://github.com/DefinitelyTyped/DefinitelyTyped"
"@types/node@12.6.2","MIT","https://github.com/DefinitelyTyped/DefinitelyTyped"
"@types/normalize-package-data@2.4.0","MIT","https://github.com/DefinitelyTyped/DefinitelyTyped"
"@types/prettier@2.0.1","MIT","https://github.com/DefinitelyTyped/DefinitelyTyped"
"@types/qs@6.9.3","MIT","https://github.com/DefinitelyTyped/DefinitelyTyped"
"@types/range-parser@1.2.3","MIT","https://github.com/DefinitelyTyped/DefinitelyTyped"
"@types/retry@0.12.0","MIT","https://github.com/DefinitelyTyped/DefinitelyTyped"
"@types/serve-static@1.13.4","MIT","https://github.com/DefinitelyTyped/DefinitelyTyped"
"@types/stack-utils@2.0.1","MIT","https://github.com/DefinitelyTyped/DefinitelyTyped"
"@types/yargs-parser@15.0.0","MIT","https://github.com/DefinitelyTyped/DefinitelyTyped"
"@types/yargs@15.0.5","MIT","https://github.com/DefinitelyTyped/DefinitelyTyped"
"abab@2.0.3","BSD-3-Clause","https://github.com/jsdom/abab"
"abab@2.0.5","BSD-3-Clause","https://github.com/jsdom/abab"
"accepts@1.3.7","MIT","https://github.com/jshttp/accepts"
"acorn-globals@6.0.0","MIT","https://github.com/ForbesLindesay/acorn-globals"
"acorn-walk@7.1.1","MIT","https://github.com/acornjs/acorn"
"acorn@7.2.0","MIT","https://github.com/acornjs/acorn"
"acorn@8.7.0","MIT","https://github.com/acornjs/acorn"
"agent-base@6.0.2","MIT","https://github.com/TooTallNate/node-agent-base"
"ansi-escapes@4.3.1","MIT","https://github.com/sindresorhus/ansi-escapes"
"ansi-regex@2.1.1","MIT","https://github.com/chalk/ansi-regex"
"ansi-regex@5.0.1","MIT","https://github.com/chalk/ansi-regex"
"ansi-styles@2.2.1","MIT","https://github.com/chalk/ansi-styles"
"ansi-styles@3.2.1","MIT","https://github.com/chalk/ansi-styles"
"ansi-styles@4.2.1","MIT","https://github.com/chalk/ansi-styles"
"ansi-styles@4.3.0","MIT","https://github.com/chalk/ansi-styles"
"anymatch@2.0.0","ISC","https://github.com/micromatch/anymatch"
"anymatch@3.1.1","ISC","https://github.com/micromatch/anymatch"
"argparse@1.0.10","MIT","https://github.com/nodeca/argparse"
"arr-diff@4.0.0","MIT","https://github.com/jonschlinkert/arr-diff"
"arr-flatten@1.1.0","MIT","https://github.com/jonschlinkert/arr-flatten"
"arr-union@3.1.0","MIT","https://github.com/jonschlinkert/arr-union"
"array-flatten@1.1.1","MIT","https://github.com/blakeembrey/array-flatten"
"array-unique@0.3.2","MIT","https://github.com/jonschlinkert/array-unique"
"assign-symbols@1.0.0","MIT","https://github.com/jonschlinkert/assign-symbols"
"async@2.6.3","MIT","https://github.com/caolan/async"
"asynckit@0.4.0","MIT","https://github.com/alexindigo/asynckit"
"atob@2.1.2","(MIT OR Apache-2.0)","git://git.coolaj86.com/coolaj86/atob.js"
"axios@0.21.4","MIT","https://github.com/axios/axios"
"babel-code-frame@6.26.0","MIT","https://github.com/babel/babel/tree/master/packages/babel-code-frame"
"babel-core@6.26.3","MIT","https://github.com/babel/babel/tree/master/packages/babel-core"
"babel-generator@6.26.1","MIT","https://github.com/babel/babel/tree/master/packages/babel-generator"
"babel-helpers@6.24.1","MIT","https://github.com/babel/babel/tree/master/packages/babel-helpers"
"babel-jest@26.6.3","MIT","https://github.com/facebook/jest"
"babel-messages@6.23.0","MIT","https://github.com/babel/babel/tree/master/packages/babel-messages"
"babel-plugin-dynamic-import-node@2.3.0","MIT","https://github.com/airbnb/babel-plugin-dynamic-import-node"
"babel-plugin-istanbul@6.0.0","BSD-3-Clause","https://github.com/istanbuljs/babel-plugin-istanbul"
"babel-plugin-jest-hoist@26.6.2","MIT","https://github.com/facebook/jest"
"babel-preset-current-node-syntax@1.0.1","MIT","https://github.com/nicolo-ribaudo/babel-preset-current-node-syntax"
"babel-preset-jest@26.6.2","MIT","https://github.com/facebook/jest"
"babel-register@6.26.0","MIT","https://github.com/babel/babel/tree/master/packages/babel-register"
"babel-runtime@6.26.0","MIT","https://github.com/babel/babel/tree/master/packages/babel-runtime"
"babel-template@6.26.0","MIT","https://github.com/babel/babel/tree/master/packages/babel-template"
"babel-traverse@6.26.0","MIT","https://github.com/babel/babel/tree/master/packages/babel-traverse"
"babel-types@6.26.0","MIT","https://github.com/babel/babel/tree/master/packages/babel-types"
"babylon@6.18.0","MIT","https://github.com/babel/babylon"
"balanced-match@1.0.0","MIT","https://github.com/juliangruber/balanced-match"
"base@0.11.2","MIT","https://github.com/node-base/base"
"body-parser@1.19.0","MIT","https://github.com/expressjs/body-parser"
"brace-expansion@1.1.11","MIT","https://github.com/juliangruber/brace-expansion"
"braces@2.3.2","MIT","https://github.com/micromatch/braces"
"braces@3.0.2","MIT","https://github.com/micromatch/braces"
"browser-process-hrtime@1.0.0","BSD-2-Clause","https://github.com/kumavis/browser-process-hrtime"
"browserslist@4.16.6","MIT","https://github.com/browserslist/browserslist"
"bs-logger@0.2.6","MIT","https://github.com/huafu/bs-logger"
"bser@2.1.1","Apache-2.0","https://github.com/facebook/watchman"
"buffer-equal-constant-time@1.0.1","BSD-3-Clause","https://github.com/goinstant/buffer-equal-constant-time"
"buffer-from@1.1.1","MIT","https://github.com/LinusU/buffer-from"
"builtin-modules@1.1.1","MIT","https://github.com/sindresorhus/builtin-modules"
"bytes@3.1.0","MIT","https://github.com/visionmedia/bytes.js"
"cache-base@1.0.1","MIT","https://github.com/jonschlinkert/cache-base"
"callsites@3.1.0","MIT","https://github.com/sindresorhus/callsites"
"camelcase@5.3.1","MIT","https://github.com/sindresorhus/camelcase"
"camelcase@6.3.0","MIT","https://github.com/sindresorhus/camelcase"
"caniuse-lite@1.0.30001230","CC-BY-4.0","https://github.com/browserslist/caniuse-lite"
"capture-exit@2.0.0","ISC","https://github.com/stefanpenner/capture-exit"
"chalk@1.1.3","MIT","https://github.com/chalk/chalk"
"chalk@2.4.2","MIT","https://github.com/chalk/chalk"
"chalk@3.0.0","MIT","https://github.com/chalk/chalk"
"chalk@4.1.2","MIT","https://github.com/chalk/chalk"
"char-regex@1.0.2","MIT","https://github.com/Richienb/char-regex"
"ci-info@2.0.0","MIT","https://github.com/watson/ci-info"
"cjs-module-lexer@0.6.0","MIT","https://github.com/guybedford/cjs-module-lexer"
"class-utils@0.3.6","MIT","https://github.com/jonschlinkert/class-utils"
"cliui@6.0.0","ISC","https://github.com/yargs/cliui"
"co@4.6.0","MIT","https://github.com/tj/co"
"collect-v8-coverage@1.0.1","MIT","https://github.com/SimenB/collect-v8-coverage"
"collection-visit@1.0.0","MIT","https://github.com/jonschlinkert/collection-visit"
"color-convert@1.9.3","MIT","https://github.com/Qix-/color-convert"
"color-convert@2.0.1","MIT","https://github.com/Qix-/color-convert"
"color-name@1.1.3","MIT","https://github.com/dfcreative/color-name"
"color-name@1.1.4","MIT","https://github.com/colorjs/color-name"
"color-string@1.9.0","MIT","https://github.com/Qix-/color-string"
"color@3.0.0","MIT","https://github.com/Qix-/color"
"colorette@1.2.2","MIT","https://github.com/jorgebucaran/colorette"
"colornames@1.1.1","MIT","https://github.com/timoxley/colornames"
"colors@1.4.0","MIT","https://github.com/Marak/colors.js"
"colorspace@1.1.2","MIT","https://github.com/3rd-Eden/colorspace"
"combined-stream@1.0.8","MIT","https://github.com/felixge/node-combined-stream"
"commander@2.20.3","MIT","https://github.com/tj/commander.js"
"component-emitter@1.3.0","MIT","https://github.com/component/emitter"
"concat-map@0.0.1","MIT","https://github.com/substack/node-concat-map"
"content-disposition@0.5.3","MIT","https://github.com/jshttp/content-disposition"
"content-type@1.0.4","MIT","https://github.com/jshttp/content-type"
"convert-source-map@1.6.0","MIT","https://github.com/thlorenz/convert-source-map"
"convert-source-map@1.7.0","MIT","https://github.com/thlorenz/convert-source-map"
"cookie-signature@1.0.6","MIT","https://github.com/visionmedia/node-cookie-signature"
"cookie@0.4.0","MIT","https://github.com/jshttp/cookie"
"copy-descriptor@0.1.1","MIT","https://github.com/jonschlinkert/copy-descriptor"
"core-js-compat@3.1.4","MIT","https://github.com/zloirock/core-js"
"core-js-pure@3.1.4","MIT","https://github.com/zloirock/core-js"
"core-js@2.6.9","MIT","https://github.com/zloirock/core-js"
"core-util-is@1.0.2","MIT","https://github.com/isaacs/core-util-is"
"cross-spawn@6.0.5","MIT","https://github.com/moxystudio/node-cross-spawn"
"cross-spawn@7.0.3","MIT","https://github.com/moxystudio/node-cross-spawn"
"cssom@0.3.8","MIT","https://github.com/NV/CSSOM"
"cssom@0.4.4","MIT","https://github.com/NV/CSSOM"
"cssstyle@2.3.0","MIT","https://github.com/jsdom/cssstyle"
"data-urls@2.0.0","MIT","https://github.com/jsdom/data-urls"
"debug@2.6.9","MIT","https://github.com/visionmedia/debug"
"debug@4.1.1","MIT","https://github.com/visionmedia/debug"
"debug@4.3.3","MIT","https://github.com/debug-js/debug"
"decamelize@1.2.0","MIT","https://github.com/sindresorhus/decamelize"
"decimal.js@10.3.1","MIT","https://github.com/MikeMcl/decimal.js"
"decode-uri-component@0.2.0","MIT","https://github.com/SamVerschueren/decode-uri-component"
"deep-is@0.1.3","MIT","https://github.com/thlorenz/deep-is"
"deepmerge@4.2.2","MIT","https://github.com/TehShrike/deepmerge"
"define-properties@1.1.3","MIT","https://github.com/ljharb/define-properties"
"define-property@0.2.5","MIT","https://github.com/jonschlinkert/define-property"
"define-property@1.0.0","MIT","https://github.com/jonschlinkert/define-property"
"define-property@2.0.2","MIT","https://github.com/jonschlinkert/define-property"
"delayed-stream@1.0.0","MIT","https://github.com/felixge/node-delayed-stream"
"depd@1.1.2","MIT","https://github.com/dougwilson/nodejs-depd"
"destroy@1.0.4","MIT","https://github.com/stream-utils/destroy"
"detect-indent@4.0.0","MIT","https://github.com/sindresorhus/detect-indent"
"detect-newline@3.1.0","MIT","https://github.com/sindresorhus/detect-newline"
"diagnostics@1.1.1","MIT","https://github.com/bigpipe/diagnostics"
"diff-sequences@25.2.6","MIT","https://github.com/facebook/jest"
"diff-sequences@26.6.2","MIT","https://github.com/facebook/jest"
"diff@4.0.1","BSD-3-Clause","https://github.com/kpdecker/jsdiff"
"domexception@2.0.1","MIT","https://github.com/jsdom/domexception"
"ecdsa-sig-formatter@1.0.11","Apache-2.0","https://github.com/Brightspace/node-ecdsa-sig-formatter"
"ee-first@1.1.1","MIT","https://github.com/jonathanong/ee-first"
"electron-to-chromium@1.3.739","ISC","https://github.com/kilian/electron-to-chromium"
"emittery@0.7.2","MIT","https://github.com/sindresorhus/emittery"
"emoji-regex@8.0.0","MIT","https://github.com/mathiasbynens/emoji-regex"
"enabled@1.0.2","MIT","https://github.com/bigpipe/enabled"
"encodeurl@1.0.2","MIT","https://github.com/pillarjs/encodeurl"
"end-of-stream@1.4.4","MIT","https://github.com/mafintosh/end-of-stream"
"env-variable@0.0.5","MIT","https://github.com/3rd-Eden/env-variable"
"error-ex@1.3.2","MIT","https://github.com/qix-/node-error-ex"
"escalade@3.1.1","MIT","https://github.com/lukeed/escalade"
"escape-html@1.0.3","MIT","https://github.com/component/escape-html"
"escape-string-regexp@1.0.5","MIT","https://github.com/sindresorhus/escape-string-regexp"
"escape-string-regexp@2.0.0","MIT","https://github.com/sindresorhus/escape-string-regexp"
"escodegen@2.0.0","BSD-2-Clause","https://github.com/estools/escodegen"
"esprima@4.0.1","BSD-2-Clause","https://github.com/jquery/esprima"
"estraverse@5.3.0","BSD-2-Clause","https://github.com/estools/estraverse"
"esutils@2.0.2","BSD","https://github.com/estools/esutils"
"etag@1.8.1","MIT","https://github.com/jshttp/etag"
"eventemitter3@3.1.2","MIT","https://github.com/primus/eventemitter3"
"eventemitter3@4.0.4","MIT","https://github.com/primus/eventemitter3"
"exec-sh@0.3.4","MIT","https://github.com/tsertkov/exec-sh"
"execa@1.0.0","MIT","https://github.com/sindresorhus/execa"
"execa@4.1.0","MIT","https://github.com/sindresorhus/execa"
"exit@0.1.2","MIT","https://github.com/cowboy/node-exit"
"expand-brackets@2.1.4","MIT","https://github.com/jonschlinkert/expand-brackets"
"expect@26.6.2","MIT","https://github.com/facebook/jest"
"express@4.17.1","MIT","https://github.com/expressjs/express"
"extend-shallow@2.0.1","MIT","https://github.com/jonschlinkert/extend-shallow"
"extend-shallow@3.0.2","MIT","https://github.com/jonschlinkert/extend-shallow"
"extglob@2.0.4","MIT","https://github.com/micromatch/extglob"
"fast-json-stable-stringify@2.1.0","MIT","https://github.com/epoberezkin/fast-json-stable-stringify"
"fast-levenshtein@2.0.6","MIT","https://github.com/hiddentao/fast-levenshtein"
"fast-safe-stringify@2.0.7","MIT","https://github.com/davidmarkclements/fast-safe-stringify"
"fb-watchman@2.0.1","Apache-2.0","https://github.com/facebook/watchman"
"fecha@2.3.3","MIT","git+https://taylorhakes@github.com/taylorhakes/fecha"
"fill-range@4.0.0","MIT","https://github.com/jonschlinkert/fill-range"
"fill-range@7.0.1","MIT","https://github.com/jonschlinkert/fill-range"
"finalhandler@1.1.2","MIT","https://github.com/pillarjs/finalhandler"
"find-up@4.1.0","MIT","https://github.com/sindresorhus/find-up"
"follow-redirects@1.14.7","MIT","https://github.com/follow-redirects/follow-redirects"
"for-in@1.0.2","MIT","https://github.com/jonschlinkert/for-in"
"form-data@2.5.1","MIT","https://github.com/form-data/form-data"
"form-data@3.0.1","MIT","https://github.com/form-data/form-data"
"forwarded@0.1.2","MIT","https://github.com/jshttp/forwarded"
"fragment-cache@0.2.1","MIT","https://github.com/jonschlinkert/fragment-cache"
"fresh@0.5.2","MIT","https://github.com/jshttp/fresh"
"fs.realpath@1.0.0","ISC","https://github.com/isaacs/fs.realpath"
"fsevents@2.1.3","MIT","https://github.com/fsevents/fsevents"
"function-bind@1.1.1","MIT","https://github.com/Raynos/function-bind"
"gensync@1.0.0-beta.1","MIT",""
"get-caller-file@2.0.5","ISC","https://github.com/stefanpenner/get-caller-file"
"get-package-type@0.1.0","MIT","https://github.com/cfware/get-package-type"
"get-stream@4.1.0","MIT","https://github.com/sindresorhus/get-stream"
"get-stream@5.2.0","MIT","https://github.com/sindresorhus/get-stream"
"get-value@2.0.6","MIT","https://github.com/jonschlinkert/get-value"
"glob@7.1.6","ISC","https://github.com/isaacs/node-glob"
"globals@11.12.0","MIT","https://github.com/sindresorhus/globals"
"globals@9.18.0","MIT","https://github.com/sindresorhus/globals"
"graceful-fs@4.2.4","ISC","https://github.com/isaacs/node-graceful-fs"
"growly@1.3.0","MIT","https://github.com/theabraham/growly"
"has-ansi@2.0.0","MIT","https://github.com/sindresorhus/has-ansi"
"has-flag@3.0.0","MIT","https://github.com/sindresorhus/has-flag"
"has-flag@4.0.0","MIT","https://github.com/sindresorhus/has-flag"
"has-symbols@1.0.0","MIT","https://github.com/ljharb/has-symbols"
"has-value@0.3.1","MIT","https://github.com/jonschlinkert/has-value"
"has-value@1.0.0","MIT","https://github.com/jonschlinkert/has-value"
"has-values@0.1.4","MIT","https://github.com/jonschlinkert/has-values"
"has-values@1.0.0","MIT","https://github.com/jonschlinkert/has-values"
"has@1.0.3","MIT","https://github.com/tarruda/has"
"home-or-tmp@2.0.0","MIT","https://github.com/sindresorhus/home-or-tmp"
"hosted-git-info@2.8.9","ISC","https://github.com/npm/hosted-git-info"
"html-encoding-sniffer@2.0.1","MIT","https://github.com/jsdom/html-encoding-sniffer"
"html-escaper@2.0.2","MIT","https://github.com/WebReflection/html-escaper"
"http-errors@1.7.2","MIT","https://github.com/jshttp/http-errors"
"http-proxy-agent@4.0.1","MIT","https://github.com/TooTallNate/node-http-proxy-agent"
"http-proxy@1.18.1","MIT","https://github.com/http-party/node-http-proxy"
"https-proxy-agent@5.0.0","MIT","https://github.com/TooTallNate/node-https-proxy-agent"
"human-signals@1.1.1","Apache-2.0","https://github.com/ehmicky/human-signals"
"iconv-lite@0.4.24","MIT","https://github.com/ashtuchkin/iconv-lite"
"import-local@3.0.2","MIT","https://github.com/sindresorhus/import-local"
"imurmurhash@0.1.4","MIT","https://github.com/jensyt/imurmurhash-js"
"inflight@1.0.6","ISC","https://github.com/npm/inflight"
"inherits@2.0.3","ISC","https://github.com/isaacs/inherits"
"inherits@2.0.4","ISC","https://github.com/isaacs/inherits"
"invariant@2.2.4","MIT","https://github.com/zertosh/invariant"
"ipaddr.js@1.9.1","MIT","https://github.com/whitequark/ipaddr.js"
"is-accessor-descriptor@0.1.6","MIT","https://github.com/jonschlinkert/is-accessor-descriptor"
"is-accessor-descriptor@1.0.0","MIT","https://github.com/jonschlinkert/is-accessor-descriptor"
"is-arrayish@0.2.1","MIT","https://github.com/qix-/node-is-arrayish"
"is-arrayish@0.3.2","MIT","https://github.com/qix-/node-is-arrayish"
"is-buffer@1.1.6","MIT","https://github.com/feross/is-buffer"
"is-ci@2.0.0","MIT","https://github.com/watson/is-ci"
"is-core-module@2.8.0","MIT","https://github.com/inspect-js/is-core-module"
"is-data-descriptor@0.1.4","MIT","https://github.com/jonschlinkert/is-data-descriptor"
"is-data-descriptor@1.0.0","MIT","https://github.com/jonschlinkert/is-data-descriptor"
"is-descriptor@0.1.6","MIT","https://github.com/jonschlinkert/is-descriptor"
"is-descriptor@1.0.2","MIT","https://github.com/jonschlinkert/is-descriptor"
"is-docker@2.0.0","MIT","https://github.com/sindresorhus/is-docker"
"is-extendable@0.1.1","MIT","https://github.com/jonschlinkert/is-extendable"
"is-extendable@1.0.1","MIT","https://github.com/jonschlinkert/is-extendable"
"is-finite@1.0.2","MIT","https://github.com/sindresorhus/is-finite"
"is-fullwidth-code-point@3.0.0","MIT","https://github.com/sindresorhus/is-fullwidth-code-point"
"is-generator-fn@2.1.0","MIT","https://github.com/sindresorhus/is-generator-fn"
"is-number@3.0.0","MIT","https://github.com/jonschlinkert/is-number"
"is-number@7.0.0","MIT","https://github.com/jonschlinkert/is-number"
"is-plain-object@2.0.4","MIT","https://github.com/jonschlinkert/is-plain-object"
"is-potential-custom-element-name@1.0.1","MIT","https://github.com/mathiasbynens/is-potential-custom-element-name"
"is-stream@1.1.0","MIT","https://github.com/sindresorhus/is-stream"
"is-stream@2.0.1","MIT","https://github.com/sindresorhus/is-stream"
"is-typedarray@1.0.0","MIT","https://github.com/hughsk/is-typedarray"
"is-windows@1.0.2","MIT","https://github.com/jonschlinkert/is-windows"
"is-wsl@2.2.0","MIT","https://github.com/sindresorhus/is-wsl"
"isarray@1.0.0","MIT","https://github.com/juliangruber/isarray"
"isexe@2.0.0","ISC","https://github.com/isaacs/isexe"
"isobject@2.1.0","MIT","https://github.com/jonschlinkert/isobject"
"isobject@3.0.1","MIT","https://github.com/jonschlinkert/isobject"
"istanbul-lib-coverage@3.0.0","BSD-3-Clause","https://github.com/istanbuljs/istanbuljs"
"istanbul-lib-instrument@4.0.3","BSD-3-Clause","https://github.com/istanbuljs/istanbuljs"
"istanbul-lib-report@3.0.0","BSD-3-Clause","https://github.com/istanbuljs/istanbuljs"
"istanbul-lib-source-maps@4.0.0","BSD-3-Clause","https://github.com/istanbuljs/istanbuljs"
"istanbul-reports@3.0.2","BSD-3-Clause","https://github.com/istanbuljs/istanbuljs"
"jest-changed-files@26.6.2","MIT","https://github.com/facebook/jest"
"jest-cli@26.6.3","MIT","https://github.com/facebook/jest"
"jest-config@26.6.3","MIT","https://github.com/facebook/jest"
"jest-diff@25.5.0","MIT","https://github.com/facebook/jest"
"jest-diff@26.6.2","MIT","https://github.com/facebook/jest"
"jest-docblock@26.0.0","MIT","https://github.com/facebook/jest"
"jest-each@26.6.2","MIT","https://github.com/facebook/jest"
"jest-environment-jsdom@26.6.2","MIT","https://github.com/facebook/jest"
"jest-environment-node@26.6.2","MIT","https://github.com/facebook/jest"
"jest-get-type@25.2.6","MIT","https://github.com/facebook/jest"
"jest-get-type@26.3.0","MIT","https://github.com/facebook/jest"
"jest-haste-map@26.6.2","MIT","https://github.com/facebook/jest"
"jest-jasmine2@26.6.3","MIT","https://github.com/facebook/jest"
"jest-junit@13.0.0","Apache-2.0","https://github.com/jest-community/jest-junit"
"jest-leak-detector@26.6.2","MIT","https://github.com/facebook/jest"
"jest-matcher-utils@26.6.2","MIT","https://github.com/facebook/jest"
"jest-message-util@26.6.2","MIT","https://github.com/facebook/jest"
"jest-mock@26.6.2","MIT","https://github.com/facebook/jest"
"jest-pnp-resolver@1.2.2","MIT","https://github.com/arcanis/jest-pnp-resolver"
"jest-regex-util@26.0.0","MIT","https://github.com/facebook/jest"
"jest-resolve-dependencies@26.6.3","MIT","https://github.com/facebook/jest"
"jest-resolve@26.6.2","MIT","https://github.com/facebook/jest"
"jest-runner@26.6.3","MIT","https://github.com/facebook/jest"
"jest-runtime@26.6.3","MIT","https://github.com/facebook/jest"
"jest-serializer@26.6.2","MIT","https://github.com/facebook/jest"
"jest-snapshot@26.6.2","MIT","https://github.com/facebook/jest"
"jest-util@26.6.2","MIT","https://github.com/facebook/jest"
"jest-validate@26.6.2","MIT","https://github.com/facebook/jest"
"jest-watcher@26.6.2","MIT","https://github.com/facebook/jest"
"jest-worker@26.6.2","MIT","https://github.com/facebook/jest"
"jest@26.0.1","MIT","https://github.com/facebook/jest"
"js-levenshtein@1.1.6","MIT","https://github.com/gustf/js-levenshtein"
"js-tokens@3.0.2","MIT","https://github.com/lydell/js-tokens"
"js-tokens@4.0.0","MIT","https://github.com/lydell/js-tokens"
"js-yaml@3.13.1","MIT","https://github.com/nodeca/js-yaml"
"jsdom@16.7.0","MIT","https://github.com/jsdom/jsdom"
"jsesc@0.5.0","MIT","https://github.com/mathiasbynens/jsesc"
"jsesc@1.3.0","MIT","https://github.com/mathiasbynens/jsesc"
"jsesc@2.5.2","MIT","https://github.com/mathiasbynens/jsesc"
"json-parse-better-errors@1.0.2","MIT","https://github.com/zkat/json-parse-better-errors"
"json5@0.5.1","MIT","https://github.com/aseemk/json5"
"json5@2.1.3","MIT","https://github.com/json5/json5"
"jsonwebtoken@8.5.1","MIT","https://github.com/auth0/node-jsonwebtoken"
"jwa@1.4.1","MIT","https://github.com/brianloveswords/node-jwa"
"jws@3.2.2","MIT","https://github.com/brianloveswords/node-jws"
"kind-of@3.2.2","MIT","https://github.com/jonschlinkert/kind-of"
"kind-of@4.0.0","MIT","https://github.com/jonschlinkert/kind-of"
"kind-of@5.1.0","MIT","https://github.com/jonschlinkert/kind-of"
"kind-of@6.0.3","MIT","https://github.com/jonschlinkert/kind-of"
"kleur@3.0.3","MIT","https://github.com/lukeed/kleur"
"kuler@1.0.1","MIT","https://github.com/3rd-Eden/kuler"
"leven@3.1.0","MIT","https://github.com/sindresorhus/leven"
"levn@0.3.0","MIT","https://github.com/gkz/levn"
"lines-and-columns@1.1.6","MIT","https://github.com/eventualbuddha/lines-and-columns"
"locate-path@5.0.0","MIT","https://github.com/sindresorhus/locate-path"
"lodash.includes@4.3.0","MIT","https://github.com/lodash/lodash"
"lodash.isboolean@3.0.3","MIT","https://github.com/lodash/lodash"
"lodash.isinteger@4.0.4","MIT","https://github.com/lodash/lodash"
"lodash.isnumber@3.0.3","MIT","https://github.com/lodash/lodash"
"lodash.isplainobject@4.0.6","MIT","https://github.com/lodash/lodash"
"lodash.isstring@4.0.1","MIT","https://github.com/lodash/lodash"
"lodash.memoize@4.1.2","MIT","https://github.com/lodash/lodash"
"lodash.once@4.1.1","MIT","https://github.com/lodash/lodash"
"lodash.sortby@4.7.0","MIT","https://github.com/lodash/lodash"
"lodash@4.17.21","MIT","https://github.com/lodash/lodash"
"logform@2.1.2","MIT","https://github.com/winstonjs/logform"
"loose-envify@1.4.0","MIT","https://github.com/zertosh/loose-envify"
"lru-cache@6.0.0","ISC","https://github.com/isaacs/node-lru-cache"
"make-dir@3.1.0","MIT","https://github.com/sindresorhus/make-dir"
"make-error@1.3.6","ISC","https://github.com/JsCommunity/make-error"
"makeerror@1.0.11","BSD-3-Clause","https://github.com/daaku/nodejs-makeerror"
"map-cache@0.2.2","MIT","https://github.com/jonschlinkert/map-cache"
"map-visit@1.0.0","MIT","https://github.com/jonschlinkert/map-visit"
"media-typer@0.3.0","MIT","https://github.com/jshttp/media-typer"
"merge-descriptors@1.0.1","MIT","https://github.com/component/merge-descriptors"
"merge-stream@2.0.0","MIT","https://github.com/grncdr/merge-stream"
"methods@1.1.2","MIT","https://github.com/jshttp/methods"
"micromatch@3.1.10","MIT","https://github.com/micromatch/micromatch"
"micromatch@4.0.2","MIT","https://github.com/micromatch/micromatch"
"mime-db@1.44.0","MIT","https://github.com/jshttp/mime-db"
"mime-types@2.1.27","MIT","https://github.com/jshttp/mime-types"
"mime@1.6.0","MIT","https://github.com/broofa/node-mime"
"mimic-fn@2.1.0","MIT","https://github.com/sindresorhus/mimic-fn"
"minimatch@3.0.4","ISC","https://github.com/isaacs/minimatch"
"minimist@1.2.5","MIT","https://github.com/substack/minimist"
"mixin-deep@1.3.2","MIT","https://github.com/jonschlinkert/mixin-deep"
"mkdirp@0.5.5","MIT","https://github.com/substack/node-mkdirp"
"mkdirp@1.0.4","MIT","https://github.com/isaacs/node-mkdirp"
"ms@2.0.0","MIT","https://github.com/zeit/ms"
"ms@2.1.1","MIT","https://github.com/zeit/ms"
"ms@2.1.2","MIT","https://github.com/zeit/ms"
"nanomatch@1.2.13","MIT","https://github.com/micromatch/nanomatch"
"natural-compare@1.4.0","MIT","https://github.com/litejs/natural-compare-lite"
"negotiator@0.6.2","MIT","https://github.com/jshttp/negotiator"
"nice-try@1.0.5","MIT","https://github.com/electerious/nice-try"
"node-int64@0.4.0","MIT","https://github.com/broofa/node-int64"
"node-modules-regexp@1.0.0","MIT","https://github.com/jamestalmage/node-modules-regexp"
"node-notifier@8.0.2","MIT","https://github.com/mikaelbr/node-notifier"
"node-releases@1.1.72","MIT","https://github.com/chicoxyzzy/node-releases"
"normalize-package-data@2.5.0","BSD-2-Clause","https://github.com/npm/normalize-package-data"
"normalize-path@2.1.1","MIT","https://github.com/jonschlinkert/normalize-path"
"normalize-path@3.0.0","MIT","https://github.com/jonschlinkert/normalize-path"
"npm-run-path@2.0.2","MIT","https://github.com/sindresorhus/npm-run-path"
"npm-run-path@4.0.1","MIT","https://github.com/sindresorhus/npm-run-path"
"number-is-nan@1.0.1","MIT","https://github.com/sindresorhus/number-is-nan"
"nwsapi@2.2.0","MIT","https://github.com/dperini/nwsapi"
"object-copy@0.1.0","MIT","https://github.com/jonschlinkert/object-copy"
"object-keys@1.1.1","MIT","https://github.com/ljharb/object-keys"
"object-visit@1.0.1","MIT","https://github.com/jonschlinkert/object-visit"
"object.assign@4.1.0","MIT","https://github.com/ljharb/object.assign"
"object.pick@1.3.0","MIT","https://github.com/jonschlinkert/object.pick"
"on-finished@2.3.0","MIT","https://github.com/jshttp/on-finished"
"once@1.4.0","ISC","https://github.com/isaacs/once"
"one-time@0.0.4","MIT","https://github.com/unshiftio/one-time"
"onetime@5.1.0","MIT","https://github.com/sindresorhus/onetime"
"optionator@0.8.3","MIT","https://github.com/gkz/optionator"
"os-homedir@1.0.2","MIT","https://github.com/sindresorhus/os-homedir"
"os-tmpdir@1.0.2","MIT","https://github.com/sindresorhus/os-tmpdir"
"p-each-series@2.1.0","MIT","https://github.com/sindresorhus/p-each-series"
"p-finally@1.0.0","MIT","https://github.com/sindresorhus/p-finally"
"p-limit@2.3.0","MIT","https://github.com/sindresorhus/p-limit"
"p-locate@4.1.0","MIT","https://github.com/sindresorhus/p-locate"
"p-queue@6.6.2","MIT","https://github.com/sindresorhus/p-queue"
"p-retry@4.2.0","MIT","https://github.com/sindresorhus/p-retry"
"p-timeout@3.2.0","MIT","https://github.com/sindresorhus/p-timeout"
"p-try@2.2.0","MIT","https://github.com/sindresorhus/p-try"
"parse-json@5.0.0","MIT","https://github.com/sindresorhus/parse-json"
"parse5@6.0.1","MIT","https://github.com/inikulin/parse5"
"parseurl@1.3.3","MIT","https://github.com/pillarjs/parseurl"
"pascalcase@0.1.1","MIT","https://github.com/jonschlinkert/pascalcase"
"path-exists@4.0.0","MIT","https://github.com/sindresorhus/path-exists"
"path-is-absolute@1.0.1","MIT","https://github.com/sindresorhus/path-is-absolute"
"path-key@2.0.1","MIT","https://github.com/sindresorhus/path-key"
"path-key@3.1.1","MIT","https://github.com/sindresorhus/path-key"
"path-parse@1.0.7","MIT","https://github.com/jbgutierrez/path-parse"
"path-to-regexp@0.1.7","MIT","https://github.com/component/path-to-regexp"
"picomatch@2.2.2","MIT","https://github.com/micromatch/picomatch"
"pirates@4.0.1","MIT","https://github.com/ariporad/pirates"
"pkg-dir@4.2.0","MIT","https://github.com/sindresorhus/pkg-dir"
"posix-character-classes@0.1.1","MIT","https://github.com/jonschlinkert/posix-character-classes"
"prelude-ls@1.1.2","MIT","https://github.com/gkz/prelude-ls"
"pretty-format@25.5.0","MIT","https://github.com/facebook/jest"
"pretty-format@26.6.2","MIT","https://github.com/facebook/jest"
"private@0.1.8","MIT","https://github.com/benjamn/private"
"process-nextick-args@2.0.1","MIT","https://github.com/calvinmetcalf/process-nextick-args"
"prompts@2.3.2","MIT","https://github.com/terkelg/prompts"
"proxy-addr@2.0.6","MIT","https://github.com/jshttp/proxy-addr"
"psl@1.8.0","MIT","https://github.com/lupomontero/psl"
"pump@3.0.0","MIT","https://github.com/mafintosh/pump"
"punycode@2.1.1","MIT","https://github.com/bestiejs/punycode.js"
"qs@6.7.0","BSD-3-Clause","https://github.com/ljharb/qs"
"range-parser@1.2.1","MIT","https://github.com/jshttp/range-parser"
"raw-body@2.4.0","MIT","https://github.com/stream-utils/raw-body"
"react-is@16.13.1","MIT","https://github.com/facebook/react"
"react-is@17.0.2","MIT","https://github.com/facebook/react"
"read-pkg-up@7.0.1","MIT","https://github.com/sindresorhus/read-pkg-up"
"read-pkg@5.2.0","MIT","https://github.com/sindresorhus/read-pkg"
"readable-stream@2.3.6","MIT","https://github.com/nodejs/readable-stream"
"readable-stream@3.4.0","MIT","https://github.com/nodejs/readable-stream"
"regenerate-unicode-properties@8.1.0","MIT","https://github.com/mathiasbynens/regenerate-unicode-properties"
"regenerate@1.4.0","MIT","https://github.com/mathiasbynens/regenerate"
"regenerator-runtime@0.11.1","MIT","https://github.com/facebook/regenerator/tree/master/packages/regenerator-runtime"
"regenerator-transform@0.14.0","MIT","https://github.com/facebook/regenerator/tree/master/packages/regenerator-transform"
"regex-not@1.0.2","MIT","https://github.com/jonschlinkert/regex-not"
"regexp-tree@0.1.11","MIT","https://github.com/DmitrySoshnikov/regexp-tree"
"regexpu-core@4.5.4","MIT","https://github.com/mathiasbynens/regexpu-core"
"regjsgen@0.5.0","MIT","https://github.com/bnjmnt4n/regjsgen"
"regjsparser@0.6.0","BSD-2-Clause","https://github.com/jviereck/regjsparser"
"remove-trailing-separator@1.1.0","ISC","https://github.com/darsain/remove-trailing-separator"
"repeat-element@1.1.3","MIT","https://github.com/jonschlinkert/repeat-element"
"repeat-string@1.6.1","MIT","https://github.com/jonschlinkert/repeat-string"
"repeating@2.0.1","MIT","https://github.com/sindresorhus/repeating"
"require-directory@2.1.1","MIT","https://github.com/troygoode/node-require-directory"
"require-main-filename@2.0.0","ISC","https://github.com/yargs/require-main-filename"
"requires-port@1.0.0","MIT","https://github.com/unshiftio/requires-port"
"resolve-cwd@3.0.0","MIT","https://github.com/sindresorhus/resolve-cwd"
"resolve-from@5.0.0","MIT","https://github.com/sindresorhus/resolve-from"
"resolve-url@0.2.1","MIT","https://github.com/lydell/resolve-url"
"resolve@1.13.1","MIT","https://github.com/browserify/resolve"
"resolve@1.20.0","MIT","https://github.com/browserify/resolve"
"ret@0.1.15","MIT","https://github.com/fent/ret.js"
"retry@0.12.0","MIT","https://github.com/tim-kos/node-retry"
"rimraf@3.0.2","ISC","https://github.com/isaacs/rimraf"
"rsvp@4.8.5","MIT","https://github.com/tildeio/rsvp.js"
"safe-buffer@5.1.2","MIT","https://github.com/feross/safe-buffer"
"safe-buffer@5.2.0","MIT","https://github.com/feross/safe-buffer"
"safe-regex@1.1.0","MIT","https://github.com/substack/safe-regex"
"safer-buffer@2.1.2","MIT","https://github.com/ChALkeR/safer-buffer"
"sane@4.1.0","MIT","https://github.com/amasad/sane"
"saxes@5.0.1","ISC","https://github.com/lddubeau/saxes"
"semver@5.7.0","ISC","https://github.com/npm/node-semver"
"semver@6.2.0","ISC","https://github.com/npm/node-semver"
"semver@6.3.0","ISC","https://github.com/npm/node-semver"
"semver@7.3.2","ISC","https://github.com/npm/node-semver"
"semver@7.3.5","ISC","https://github.com/npm/node-semver"
"send@0.17.1","MIT","https://github.com/pillarjs/send"
"serve-static@1.14.1","MIT","https://github.com/expressjs/serve-static"
"set-blocking@2.0.0","ISC","https://github.com/yargs/set-blocking"
"set-value@2.0.1","MIT","https://github.com/jonschlinkert/set-value"
"setprototypeof@1.1.1","ISC","https://github.com/wesleytodd/setprototypeof"
"shebang-command@1.2.0","MIT","https://github.com/kevva/shebang-command"
"shebang-command@2.0.0","MIT","https://github.com/kevva/shebang-command"
"shebang-regex@1.0.0","MIT","https://github.com/sindresorhus/shebang-regex"
"shebang-regex@3.0.0","MIT","https://github.com/sindresorhus/shebang-regex"
"shellwords@0.1.1","MIT","https://github.com/jimmycuadra/shellwords"
"signal-exit@3.0.3","ISC","https://github.com/tapjs/signal-exit"
"simple-swizzle@0.2.2","MIT","https://github.com/qix-/node-simple-swizzle"
"sisteransi@1.0.5","MIT","https://github.com/terkelg/sisteransi"
"slash@1.0.0","MIT","https://github.com/sindresorhus/slash"
"slash@3.0.0","MIT","https://github.com/sindresorhus/slash"
"snapdragon-node@2.1.1","MIT","https://github.com/jonschlinkert/snapdragon-node"
"snapdragon-util@3.0.1","MIT","https://github.com/jonschlinkert/snapdragon-util"
"snapdragon@0.8.2","MIT","https://github.com/jonschlinkert/snapdragon"
"source-map-resolve@0.5.3","MIT","https://github.com/lydell/source-map-resolve"
"source-map-support@0.4.18","MIT","https://github.com/evanw/node-source-map-support"
"source-map-support@0.5.21","MIT","https://github.com/evanw/node-source-map-support"
"source-map-url@0.4.0","MIT","https://github.com/lydell/source-map-url"
"source-map@0.5.7","BSD-3-Clause","https://github.com/mozilla/source-map"
"source-map@0.6.1","BSD-3-Clause","https://github.com/mozilla/source-map"
"source-map@0.7.3","BSD-3-Clause","https://github.com/mozilla/source-map"
"spdx-correct@3.1.1","Apache-2.0","https://github.com/jslicense/spdx-correct.js"
"spdx-exceptions@2.3.0","CC-BY-3.0","https://github.com/kemitchell/spdx-exceptions.json"
"spdx-expression-parse@3.0.1","MIT","https://github.com/jslicense/spdx-expression-parse.js"
"spdx-license-ids@3.0.5","CC0-1.0","https://github.com/shinnn/spdx-license-ids"
"split-string@3.1.0","MIT","https://github.com/jonschlinkert/split-string"
"sprintf-js@1.0.3","BSD-3-Clause","https://github.com/alexei/sprintf.js"
"stack-trace@0.0.10","MIT","https://github.com/felixge/node-stack-trace"
"stack-utils@2.0.2","MIT","https://github.com/tapjs/stack-utils"
"static-extend@0.1.2","MIT","https://github.com/jonschlinkert/static-extend"
"statuses@1.5.0","MIT","https://github.com/jshttp/statuses"
"string-length@4.0.1","MIT","https://github.com/sindresorhus/string-length"
"string-width@4.2.0","MIT","https://github.com/sindresorhus/string-width"
"string_decoder@1.1.1","MIT","https://github.com/nodejs/string_decoder"
"string_decoder@1.3.0","MIT","https://github.com/nodejs/string_decoder"
"strip-ansi@3.0.1","MIT","https://github.com/chalk/strip-ansi"
"strip-ansi@6.0.0","MIT","https://github.com/chalk/strip-ansi"
"strip-ansi@6.0.1","MIT","https://github.com/chalk/strip-ansi"
"strip-bom@4.0.0","MIT","https://github.com/sindresorhus/strip-bom"
"strip-eof@1.0.0","MIT","https://github.com/sindresorhus/strip-eof"
"strip-final-newline@2.0.0","MIT","https://github.com/sindresorhus/strip-final-newline"
"supports-color@2.0.0","MIT","https://github.com/chalk/supports-color"
"supports-color@5.5.0","MIT","https://github.com/chalk/supports-color"
"supports-color@7.1.0","MIT","https://github.com/chalk/supports-color"
"supports-color@7.2.0","MIT","https://github.com/chalk/supports-color"
"supports-hyperlinks@2.1.0","MIT","https://github.com/jamestalmage/supports-hyperlinks"
"symbol-tree@3.2.4","MIT","https://github.com/jsdom/js-symbol-tree"
"terminal-link@2.1.1","MIT","https://github.com/sindresorhus/terminal-link"
"test-exclude@6.0.0","ISC","https://github.com/istanbuljs/test-exclude"
"text-hex@1.0.0","MIT","https://github.com/3rd-Eden/text-hex"
"throat@5.0.0","MIT","https://github.com/ForbesLindesay/throat"
"tmpl@1.0.5","BSD-3-Clause","https://github.com/daaku/nodejs-tmpl"
"to-fast-properties@1.0.3","MIT","https://github.com/sindresorhus/to-fast-properties"
"to-fast-properties@2.0.0","MIT","https://github.com/sindresorhus/to-fast-properties"
"to-object-path@0.3.0","MIT","https://github.com/jonschlinkert/to-object-path"
"to-regex-range@2.1.1","MIT","https://github.com/micromatch/to-regex-range"
"to-regex-range@5.0.1","MIT","https://github.com/micromatch/to-regex-range"
"to-regex@3.0.2","MIT","https://github.com/jonschlinkert/to-regex"
"toidentifier@1.0.0","MIT","https://github.com/component/toidentifier"
"tough-cookie@4.0.0","BSD-3-Clause","https://github.com/salesforce/tough-cookie"
"tr46@2.0.2","MIT","https://github.com/jsdom/tr46"
"tr46@2.1.0","MIT","https://github.com/jsdom/tr46"
"trim-right@1.0.1","MIT","https://github.com/sindresorhus/trim-right"
"triple-beam@1.3.0","MIT","https://github.com/winstonjs/triple-beam"
"ts-jest@26.0.0","MIT","https://github.com/kulshekhar/ts-jest"
"tslib@1.10.0","Apache-2.0","https://github.com/Microsoft/tslib"
"tslint@5.20.1","Apache-2.0","https://github.com/palantir/tslint"
"tsutils@2.29.0","MIT","https://github.com/ajafff/tsutils"
"type-check@0.3.2","MIT","https://github.com/gkz/type-check"
"type-detect@4.0.8","MIT","https://github.com/chaijs/type-detect"
"type-fest@0.11.0","(MIT OR CC0-1.0)","https://github.com/sindresorhus/type-fest"
"type-fest@0.6.0","(MIT OR CC0-1.0)","https://github.com/sindresorhus/type-fest"
"type-fest@0.8.1","(MIT OR CC0-1.0)","https://github.com/sindresorhus/type-fest"
"type-is@1.6.18","MIT","https://github.com/jshttp/type-is"
"typedarray-to-buffer@3.1.5","MIT","https://github.com/feross/typedarray-to-buffer"
"typescript@3.5.3","Apache-2.0","https://github.com/Microsoft/TypeScript"
"unicode-canonical-property-names-ecmascript@1.0.4","MIT","https://github.com/mathiasbynens/unicode-canonical-property-names-ecmascript"
"unicode-match-property-ecmascript@1.0.4","MIT","https://github.com/mathiasbynens/unicode-match-property-ecmascript"
"unicode-match-property-value-ecmascript@1.1.0","MIT","https://github.com/mathiasbynens/unicode-match-property-value-ecmascript"
"unicode-property-aliases-ecmascript@1.0.5","MIT","https://github.com/mathiasbynens/unicode-property-aliases-ecmascript"
"union-value@1.0.1","MIT","https://github.com/jonschlinkert/union-value"
"universalify@0.1.2","MIT","https://github.com/RyanZim/universalify"
"unpipe@1.0.0","MIT","https://github.com/stream-utils/unpipe"
"unset-value@1.0.0","MIT","https://github.com/jonschlinkert/unset-value"
"urix@0.1.0","MIT","https://github.com/lydell/urix"
"use@3.1.1","MIT","https://github.com/jonschlinkert/use"
"util-deprecate@1.0.2","MIT","https://github.com/TooTallNate/util-deprecate"
"utils-merge@1.0.1","MIT","https://github.com/jaredhanson/utils-merge"
"uuid@8.3.2","MIT","https://github.com/uuidjs/uuid"
"v8-to-istanbul@7.1.2","ISC","https://github.com/istanbuljs/v8-to-istanbul"
"validate-npm-package-license@3.0.4","Apache-2.0","https://github.com/kemitchell/validate-npm-package-license.js"
"vary@1.1.2","MIT","https://github.com/jshttp/vary"
"w3c-hr-time@1.0.2","MIT","https://github.com/jsdom/w3c-hr-time"
"w3c-xmlserializer@2.0.0","MIT","https://github.com/jsdom/w3c-xmlserializer"
"walker@1.0.7","Apache-2.0","https://github.com/daaku/nodejs-walker"
"webidl-conversions@5.0.0","BSD-2-Clause","https://github.com/jsdom/webidl-conversions"
"webidl-conversions@6.1.0","BSD-2-Clause","https://github.com/jsdom/webidl-conversions"
"whatwg-encoding@1.0.5","MIT","https://github.com/jsdom/whatwg-encoding"
"whatwg-mimetype@2.3.0","MIT","https://github.com/jsdom/whatwg-mimetype"
"whatwg-url@8.1.0","MIT","https://github.com/jsdom/whatwg-url"
"whatwg-url@8.7.0","MIT","https://github.com/jsdom/whatwg-url"
"which-module@2.0.0","ISC","https://github.com/nexdrew/which-module"
"which@1.3.1","ISC","https://github.com/isaacs/node-which"
"which@2.0.2","ISC","https://github.com/isaacs/node-which"
"winston-transport@4.3.0","MIT","https://github.com/winstonjs/winston-transport"
"winston@3.2.1","MIT","https://github.com/winstonjs/winston"
"word-wrap@1.2.3","MIT","https://github.com/jonschlinkert/word-wrap"
"wrap-ansi@6.2.0","MIT","https://github.com/chalk/wrap-ansi"
"wrappy@1.0.2","ISC","https://github.com/npm/wrappy"
"write-file-atomic@3.0.3","ISC","https://github.com/npm/write-file-atomic"
"ws@7.4.6","MIT","https://github.com/websockets/ws"
"xml-name-validator@3.0.0","Apache-2.0","https://github.com/jsdom/xml-name-validator"
"xml@1.0.1","MIT","https://github.com/dylang/node-xml"
"xmlchars@2.2.0","MIT","https://github.com/lddubeau/xmlchars"
"y18n@4.0.1","ISC","https://github.com/yargs/y18n"
"yallist@4.0.0","ISC","https://github.com/isaacs/yallist"
"yargs-parser@18.1.3","ISC","https://github.com/yargs/yargs-parser"
"yargs@15.4.1","MIT","https://github.com/yargs/yargs"